<?xml version="1.0" encoding="UTF-8" ?>
<!DOCTYPE mapper PUBLIC "-//mybatis.org//DTD Mapper 3.0//EN"
        "http://mybatis.org/dtd/mybatis-3-mapper.dtd" >
<mapper namespace="com.sky.mapper.SetmealDishMapper">
    <insert id="insertBatch" parameterType="list">
        insert into setmeal_dish (setmeal_id,dish_id,name,price,copies)
        VALUES
        <foreach collection="setmealDishes" item="sd" separator=",">
            (#{sd.setmealId},#{sd.dishId},#{sd.name},#{sd.price},#{sd.copies})
        </foreach>
    </insert>

    <select id="getSetmealIdsByDishIds" resultType="java.lang.Long">
        select setmeal_id from setmeal_dish where dish_id in
        <foreach collection="dishIds" item="dishId" separator="," open="(" close=")">
            #{dishId}
        </foreach>
    </select>
</mapper>
